Job Title,Company,Category,Location,Link
AI Response Evaluator,iMerit Technology,Artificial Intelligence,"France, Japan, Turkey, Vietnam, Mexico, Norway",https://remotive.com/remote-jobs/artificial-intelligence/ai-response-evaluator-2091126
Inside Sales Contractor,"Credit Wellness, LLC",Sales,Worldwide,https://remotive.com/remote-jobs/sales/inside-sales-contractor-2086540
Tier III Service Desk Engineer,Unio Digital,Information Technology,Worldwide,https://remotive.com/remote-jobs/information-technology/tier-iii-service-desk-engineer-2091045
Freelance Writer,IAPWE,Writing,Worldwide,https://remotive.com/remote-jobs/writing/freelance-writer-1185979
Freelance Copywriter,Coalition Technologies ,Writing,Worldwide,https://remotive.com/remote-jobs/writing/freelance-copywriter-1749306
Senior React Full-stack Developer,Lemon.io,Software Development,"LATAM, Europe, USA, Canada, APAC",https://remotive.com/remote-jobs/software-development/senior-react-full-stack-developer-2091101
Senior QA Engineer,Lemon.io,Quality Assurance,Europe,https://remotive.com/remote-jobs/qa/senior-qa-engineer-2091100
Senior DevOps Engineer,Lemon.io,Devops,"LATAM, Europe, USA, Canada, APAC",https://remotive.com/remote-jobs/devops/senior-devops-engineer-2091099
Content Reviewer - English US,TELUS Digital,All others,USA,https://remotive.com/remote-jobs/all-others/content-reviewer-english-us-2091105
Senior Golang Developer,Lemon.io,Software Development,"Europe, USA, UK, Canada, Australia, Singapore",https://remotive.com/remote-jobs/software-development/senior-golang-developer-2091098
Senior Data Engineer,Lemon.io,Software Development,"LATAM, Europe, USA, Canada, APAC",https://remotive.com/remote-jobs/software-development/senior-data-engineer-2091097
Senior Independent AI Engineer / Architect,A.Team,Software Development,"Americas, Europe, Israel",https://remotive.com/remote-jobs/software-development/senior-independent-ai-engineer-architect-1919266
Senior Independent Software Developer,A.Team,Software Development,"Americas, Europe, Israel",https://remotive.com/remote-jobs/software-development/senior-independent-software-developer-1919265
Head of Marketing & Communications,garden3d,Marketing,Worldwide,https://remotive.com/remote-jobs/marketing/head-of-marketing-communications-2091068
Tech Lead Full-Stack Rails Engineer,Mitre Media,Software Development,"USA, Canada, USA timezones",https://remotive.com/remote-jobs/software-development/tech-lead-full-stack-rails-engineer-2069746
Face Deduplication Collection,TELUS Digital,All others,USA,https://remotive.com/remote-jobs/all-others/face-deduplication-collection-2091093
